frame_id,timestamp,track_id,class,x1,y1,x2,y2,confidence
18,2026-06-06 14:33:50,1,person,859.65,637.35,951.35,719.43,0.8655
19,2026-06-06 14:33:50,1,person,862.50,624.63,952.34,719.61,0.8525
20,2026-06-06 14:33:51,1,person,866.77,611.16,952.88,719.31,0.8712
21,2026-06-06 14:33:51,1,person,870.27,596.21,955.51,719.72,0.8575
22,2026-06-06 14:33:51,1,person,873.05,581.53,958.58,719.90,0.8746
23,2026-06-06 14:33:51,1,person,873.05,567.39,960.69,719.97,0.8839
24,2026-06-06 14:33:51,1,person,873.02,553.94,963.89,720.00,0.8845
25,2026-06-06 14:33:51,1,person,869.97,541.99,965.77,720.01,0.8987
26,2026-06-06 14:33:52,1,person,867.78,530.52,967.00,719.90,0.8952
27,2026-06-06 14:33:52,1,person,870.12,518.08,967.96,710.17,0.8827
28,2026-06-06 14:33:52,1,person,876.50,505.47,967.45,685.87,0.8819
29,2026-06-06 14:33:52,1,person,884.76,493.10,968.70,661.38,0.8813
30,2026-06-06 14:33:52,1,person,891.11,481.82,970.48,652.29,0.8857
31,2026-06-06 14:33:52,1,person,893.88,473.20,972.31,648.64,0.8568
32,2026-06-06 14:33:52,1,person,894.66,463.97,975.34,643.50,0.8180
33,2026-06-06 14:33:53,1,person,895.50,453.95,979.08,630.97,0.8894
34,2026-06-06 14:33:53,1,person,901.28,443.19,983.08,606.83,0.8721
35,2026-06-06 14:33:53,1,person,908.05,433.59,986.68,594.36,0.8756
36,2026-06-06 14:33:53,1,person,908.68,424.92,990.81,591.02,0.8930
37,2026-06-06 14:33:53,1,person,907.72,417.26,992.91,588.77,0.9023
38,2026-06-06 14:33:53,1,person,908.76,408.81,994.54,583.78,0.8842
39,2026-06-06 14:33:54,1,person,916.29,399.88,998.35,566.31,0.8382
40,2026-06-06 14:33:54,1,person,925.56,391.45,1003.18,548.89,0.8742
41,2026-06-06 14:33:54,1,person,929.97,383.16,1007.79,535.09,0.8828
42,2026-06-06 14:33:54,1,person,931.55,376.01,1012.63,532.11,0.8688
43,2026-06-06 14:33:54,1,person,931.63,370.94,1018.62,529.69,0.8761
44,2026-06-06 14:33:55,1,person,935.33,364.12,1024.36,524.17,0.8620
45,2026-06-06 14:33:55,1,person,943.90,357.41,1031.80,508.47,0.8340
46,2026-06-06 14:33:55,1,person,958.15,349.04,1039.60,496.14,0.8768
47,2026-06-06 14:33:55,1,person,971.99,342.32,1048.46,492.73,0.8770
48,2026-06-06 14:33:55,1,person,976.33,337.23,1056.53,491.62,0.8852
49,2026-06-06 14:33:55,1,person,978.51,331.77,1065.30,491.45,0.8917
50,2026-06-06 14:33:56,1,person,984.60,326.45,1071.52,489.52,0.8947
51,2026-06-06 14:33:56,1,person,997.19,318.95,1074.84,476.66,0.8637
52,2026-06-06 14:33:56,1,person,1010.16,311.62,1083.34,464.43,0.8579
53,2026-06-06 14:33:56,1,person,1013.82,304.93,1090.12,452.13,0.8849
54,2026-06-06 14:33:56,1,person,1014.62,299.82,1095.94,449.72,0.8855
55,2026-06-06 14:33:56,1,person,1015.34,296.08,1102.94,448.07,0.8944
56,2026-06-06 14:33:57,1,person,1019.21,292.22,1111.49,445.44,0.8575
57,2026-06-06 14:33:57,1,person,1030.67,286.30,1119.64,433.06,0.8604
58,2026-06-06 14:33:57,1,person,1048.10,278.36,1128.94,425.39,0.8747
59,2026-06-06 14:33:57,1,person,1063.40,274.06,1138.52,422.74,0.8901
60,2026-06-06 14:33:57,1,person,1068.65,270.72,1148.35,421.93,0.8896
61,2026-06-06 14:33:57,1,person,1071.12,268.02,1156.22,421.48,0.8854
62,2026-06-06 14:33:58,1,person,1076.35,264.22,1161.88,420.16,0.8863
63,2026-06-06 14:33:58,1,person,1091.59,258.41,1165.91,409.67,0.8704
64,2026-06-06 14:33:58,1,person,1104.52,252.50,1172.62,400.67,0.8777
65,2026-06-06 14:33:58,1,person,1108.05,247.70,1180.14,390.82,0.8740
66,2026-06-06 14:33:58,1,person,1107.97,243.27,1187.14,388.93,0.8613
67,2026-06-06 14:33:59,1,person,1108.88,238.95,1194.25,387.02,0.8839
68,2026-06-06 14:33:59,1,person,1114.64,235.86,1202.29,383.25,0.8964
69,2026-06-06 14:33:59,1,person,1125.84,232.52,1210.27,372.63,0.8630
70,2026-06-06 14:33:59,1,person,1142.03,227.74,1218.39,367.59,0.8557
71,2026-06-06 14:33:59,1,person,1153.85,223.46,1227.84,366.40,0.8603
72,2026-06-06 14:33:59,1,person,1157.84,220.71,1237.75,366.21,0.8748
73,2026-06-06 14:33:59,1,person,1161.31,217.57,1245.78,365.70,0.8740
74,2026-06-06 14:34:00,1,person,1167.47,213.89,1250.29,363.43,0.8606
75,2026-06-06 14:34:00,1,person,1177.75,187.74,1272.16,354.12,0.8108
76,2026-06-06 14:34:00,1,person,1185.18,178.99,1280.01,346.67,0.8228
77,2026-06-06 14:34:00,1,person,1186.85,175.03,1282.75,339.70,0.8420
78,2026-06-06 14:34:00,1,person,1190.90,173.33,1283.11,336.56,0.8475
79,2026-06-06 14:34:00,1,person,1193.36,174.38,1283.32,334.22,0.7002
80,2026-06-06 14:34:01,1,person,1200.41,177.17,1283.01,330.86,0.7457
81,2026-06-06 14:34:01,1,person,1212.71,175.49,1282.49,322.67,0.8188
82,2026-06-06 14:34:01,1,person,1227.31,174.73,1282.03,320.00,0.7862
83,2026-06-06 14:34:01,1,person,1237.14,179.16,1281.18,318.66,0.6524
84,2026-06-06 14:34:01,1,person,1238.15,181.40,1280.64,318.22,0.7153
85,2026-06-06 14:34:01,1,person,1241.07,183.93,1280.48,317.69,0.6602
86,2026-06-06 14:34:02,1,person,1241.07,183.93,1280.48,317.69,0.6602
87,2026-06-06 14:34:02,1,person,1241.07,183.93,1280.48,317.69,0.6602
88,2026-06-06 14:34:02,1,person,1241.07,183.93,1280.48,317.69,0.6602
89,2026-06-06 14:34:02,1,person,1241.07,183.93,1280.48,317.69,0.6602
90,2026-06-06 14:34:02,1,person,1241.07,183.93,1280.48,317.69,0.6602
91,2026-06-06 14:34:02,1,person,1241.07,183.93,1280.48,317.69,0.6602
92,2026-06-06 14:34:02,1,person,1241.07,183.93,1280.48,317.69,0.6602
93,2026-06-06 14:34:02,1,person,1241.07,183.93,1280.48,317.69,0.6602
94,2026-06-06 14:34:03,1,person,1241.07,183.93,1280.48,317.69,0.6602
95,2026-06-06 14:34:03,1,person,1241.07,183.93,1280.48,317.69,0.6602
96,2026-06-06 14:34:03,1,person,1241.07,183.93,1280.48,317.69,0.6602
97,2026-06-06 14:34:03,1,person,1241.07,183.93,1280.48,317.69,0.6602
98,2026-06-06 14:34:03,1,person,1241.07,183.93,1280.48,317.69,0.6602
99,2026-06-06 14:34:03,1,person,1241.07,183.93,1280.48,317.69,0.6602
100,2026-06-06 14:34:03,1,person,1241.07,183.93,1280.48,317.69,0.6602
101,2026-06-06 14:34:04,1,person,1241.07,183.93,1280.48,317.69,0.6602
102,2026-06-06 14:34:04,1,person,1241.07,183.93,1280.48,317.69,0.6602
103,2026-06-06 14:34:04,1,person,1241.07,183.93,1280.48,317.69,0.6602
104,2026-06-06 14:34:04,1,person,1241.07,183.93,1280.48,317.69,0.6602
105,2026-06-06 14:34:04,1,person,1241.07,183.93,1280.48,317.69,0.6602
106,2026-06-06 14:34:05,1,person,1241.07,183.93,1280.48,317.69,0.6602
107,2026-06-06 14:34:05,1,person,1241.07,183.93,1280.48,317.69,0.6602
108,2026-06-06 14:34:05,1,person,1241.07,183.93,1280.48,317.69,0.6602
109,2026-06-06 14:34:05,1,person,1241.07,183.93,1280.48,317.69,0.6602
110,2026-06-06 14:34:05,1,person,1241.07,183.93,1280.48,317.69,0.6602
111,2026-06-06 14:34:06,1,person,1241.07,183.93,1280.48,317.69,0.6602
112,2026-06-06 14:34:06,1,person,1241.07,183.93,1280.48,317.69,0.6602
113,2026-06-06 14:34:06,1,person,1241.07,183.93,1280.48,317.69,0.6602
114,2026-06-06 14:34:06,1,person,1241.07,183.93,1280.48,317.69,0.6602
115,2026-06-06 14:34:06,1,person,1241.07,183.93,1280.48,317.69,0.6602
188,2026-06-06 14:34:19,2,airplane,179.72,357.53,463.26,713.81,0.5147
189,2026-06-06 14:34:20,2,airplane,187.26,343.46,458.71,714.04,0.6438
190,2026-06-06 14:34:20,2,airplane,187.26,343.46,458.71,714.04,0.6438
191,2026-06-06 14:34:20,2,airplane,199.94,317.47,451.28,696.58,0.4919
192,2026-06-06 14:34:20,2,airplane,204.60,304.99,442.34,678.71,0.6580
193,2026-06-06 14:34:20,2,airplane,209.44,293.15,435.91,659.24,0.8673
194,2026-06-06 14:34:21,2,airplane,211.06,281.06,433.41,641.35,0.6680
195,2026-06-06 14:34:21,2,airplane,210.03,269.93,431.71,622.28,0.5730
196,2026-06-06 14:34:21,2,airplane,210.03,269.93,431.71,622.28,0.5730
197,2026-06-06 14:34:21,2,airplane,210.03,269.93,431.71,622.28,0.5730
198,2026-06-06 14:34:21,2,airplane,210.03,269.93,431.71,622.28,0.5730
199,2026-06-06 14:34:21,2,airplane,210.03,269.93,431.71,622.28,0.5730
200,2026-06-06 14:34:22,2,airplane,171.91,226.58,418.74,546.63,0.5769
201,2026-06-06 14:34:22,2,airplane,171.91,226.58,418.74,546.63,0.5769
202,2026-06-06 14:34:22,2,airplane,153.53,213.79,410.59,518.42,0.8428
203,2026-06-06 14:34:22,2,airplane,153.53,213.79,410.59,518.42,0.8428
204,2026-06-06 14:34:22,2,airplane,153.53,213.79,410.59,518.42,0.8428
205,2026-06-06 14:34:23,2,airplane,117.53,199.76,392.60,482.71,0.5794
206,2026-06-06 14:34:23,2,airplane,117.53,199.76,392.60,482.71,0.5794
207,2026-06-06 14:34:23,2,airplane,90.00,191.81,377.18,461.88,0.5888
208,2026-06-06 14:34:23,2,airplane,74.42,187.82,368.12,453.41,0.9001
209,2026-06-06 14:34:23,2,airplane,60.36,184.70,359.59,444.95,0.9183
210,2026-06-06 14:34:24,2,airplane,44.61,182.62,349.51,438.24,0.9094
211,2026-06-06 14:34:24,2,airplane,30.06,180.97,339.73,429.83,0.8245
212,2026-06-06 14:34:24,2,airplane,14.18,179.58,328.90,423.87,0.8022
213,2026-06-06 14:34:24,2,airplane,1.54,177.69,317.12,417.48,0.8363
214,2026-06-06 14:34:25,2,airplane,-2.71,175.85,306.06,411.47,0.8940
215,2026-06-06 14:34:25,2,airplane,-4.31,174.88,294.43,406.16,0.8942
216,2026-06-06 14:34:25,2,airplane,-4.45,173.81,281.21,401.98,0.9139
217,2026-06-06 14:34:25,2,airplane,-3.61,172.30,268.16,397.93,0.9162
218,2026-06-06 14:34:25,2,airplane,-3.44,171.25,255.11,393.35,0.9200
219,2026-06-06 14:34:26,2,airplane,-3.02,170.31,242.13,389.04,0.9208
220,2026-06-06 14:34:26,2,airplane,-2.46,169.73,228.44,385.07,0.9083
221,2026-06-06 14:34:26,2,airplane,-1.85,169.86,215.02,382.69,0.9046
222,2026-06-06 14:34:26,2,airplane,-1.52,170.69,200.72,380.69,0.8926
223,2026-06-06 14:34:27,2,airplane,-1.22,171.62,187.86,377.73,0.8847
224,2026-06-06 14:34:27,2,airplane,-1.00,172.60,174.07,375.43,0.8851
225,2026-06-06 14:34:27,2,airplane,-0.47,173.92,160.23,373.69,0.8790
226,2026-06-06 14:34:27,2,airplane,-0.22,175.80,146.64,372.91,0.8883
227,2026-06-06 14:34:27,2,airplane,-0.22,178.12,132.67,371.74,0.8863
228,2026-06-06 14:34:28,2,airplane,-0.15,180.28,119.21,370.32,0.8928
229,2026-06-06 14:34:28,2,airplane,-0.06,182.54,105.44,369.65,0.8910
230,2026-06-06 14:34:28,2,airplane,0.19,185.37,91.85,369.41,0.8677
231,2026-06-06 14:34:28,2,airplane,0.16,186.70,78.01,366.56,0.4864
232,2026-06-06 14:34:28,2,airplane,0.16,186.70,78.01,366.56,0.4864
233,2026-06-06 14:34:29,2,airplane,0.16,186.70,78.01,366.56,0.4864
234,2026-06-06 14:34:29,2,airplane,0.16,186.70,78.01,366.56,0.4864
235,2026-06-06 14:34:29,2,airplane,0.16,186.70,78.01,366.56,0.4864
236,2026-06-06 14:34:29,2,airplane,0.16,186.70,78.01,366.56,0.4864
237,2026-06-06 14:34:29,2,airplane,0.16,186.70,78.01,366.56,0.4864
238,2026-06-06 14:34:29,2,airplane,0.16,186.70,78.01,366.56,0.4864
239,2026-06-06 14:34:30,2,airplane,0.16,186.70,78.01,366.56,0.4864
240,2026-06-06 14:34:30,2,airplane,0.16,186.70,78.01,366.56,0.4864
241,2026-06-06 14:34:30,2,airplane,0.16,186.70,78.01,366.56,0.4864
242,2026-06-06 14:34:30,2,airplane,0.16,186.70,78.01,366.56,0.4864
243,2026-06-06 14:34:30,2,airplane,0.16,186.70,78.01,366.56,0.4864
244,2026-06-06 14:34:30,2,airplane,0.16,186.70,78.01,366.56,0.4864
245,2026-06-06 14:34:31,2,airplane,0.16,186.70,78.01,366.56,0.4864
246,2026-06-06 14:34:31,2,airplane,0.16,186.70,78.01,366.56,0.4864
247,2026-06-06 14:34:31,2,airplane,0.16,186.70,78.01,366.56,0.4864
248,2026-06-06 14:34:31,2,airplane,0.16,186.70,78.01,366.56,0.4864
249,2026-06-06 14:34:31,2,airplane,0.16,186.70,78.01,366.56,0.4864
250,2026-06-06 14:34:31,2,airplane,0.16,186.70,78.01,366.56,0.4864
251,2026-06-06 14:34:32,2,airplane,0.16,186.70,78.01,366.56,0.4864
252,2026-06-06 14:34:32,2,airplane,0.16,186.70,78.01,366.56,0.4864
253,2026-06-06 14:34:32,2,airplane,0.16,186.70,78.01,366.56,0.4864
254,2026-06-06 14:34:32,2,airplane,0.16,186.70,78.01,366.56,0.4864
255,2026-06-06 14:34:32,2,airplane,0.16,186.70,78.01,366.56,0.4864
256,2026-06-06 14:34:32,2,airplane,0.16,186.70,78.01,366.56,0.4864
257,2026-06-06 14:34:33,2,airplane,0.16,186.70,78.01,366.56,0.4864
258,2026-06-06 14:34:33,2,airplane,0.16,186.70,78.01,366.56,0.4864
259,2026-06-06 14:34:33,2,airplane,0.16,186.70,78.01,366.56,0.4864
260,2026-06-06 14:34:33,2,airplane,0.16,186.70,78.01,366.56,0.4864
261,2026-06-06 14:34:33,2,airplane,0.16,186.70,78.01,366.56,0.4864
320,2026-06-06 14:34:44,3,bicycle,897.98,28.51,982.97,123.47,0.5583
321,2026-06-06 14:34:45,3,bicycle,902.73,33.09,991.98,128.25,0.4610
322,2026-06-06 14:34:45,3,bicycle,902.73,33.09,991.98,128.25,0.4610
323,2026-06-06 14:34:45,3,bicycle,916.20,45.54,1012.97,137.07,0.6225
324,2026-06-06 14:34:46,3,bicycle,923.21,48.36,1023.00,140.67,0.6510
325,2026-06-06 14:34:46,3,bicycle,930.95,50.73,1035.62,145.19,0.8016
325,2026-06-06 14:34:46,5,person,977.97,6.02,1025.16,87.33,0.5004
326,2026-06-06 14:34:46,3,bicycle,938.67,54.79,1046.77,148.00,0.8053
326,2026-06-06 14:34:46,5,person,984.91,8.69,1035.66,86.97,0.5591
327,2026-06-06 14:34:46,3,bicycle,947.09,58.81,1057.02,150.62,0.8121
327,2026-06-06 14:34:46,5,person,990.21,10.96,1048.02,103.40,0.5920
328,2026-06-06 14:34:47,3,bicycle,954.40,63.45,1069.35,154.17,0.6063
328,2026-06-06 14:34:47,5,person,1005.42,12.95,1060.58,108.12,0.6222
329,2026-06-06 14:34:47,3,bicycle,964.44,67.94,1081.38,158.07,0.5063
329,2026-06-06 14:34:47,5,person,1018.37,14.46,1069.55,113.52,0.6566
330,2026-06-06 14:34:48,3,bicycle,974.31,73.34,1094.52,160.99,0.7221
330,2026-06-06 14:34:48,5,person,1025.89,17.45,1079.53,121.54,0.6777
331,2026-06-06 14:34:48,3,bicycle,984.30,77.30,1108.52,164.47,0.7341
331,2026-06-06 14:34:48,5,person,1035.62,22.30,1090.46,126.31,0.5754
332,2026-06-06 14:34:48,3,bicycle,995.57,79.41,1121.90,166.10,0.6139
332,2026-06-06 14:34:48,5,person,1046.33,25.50,1099.99,124.00,0.6228
333,2026-06-06 14:34:49,3,bicycle,1006.69,84.89,1134.95,167.75,0.5543
333,2026-06-06 14:34:49,5,person,1057.47,28.08,1111.48,133.89,0.6269
334,2026-06-06 14:34:49,3,bicycle,1018.59,87.22,1148.33,169.20,0.7637
334,2026-06-06 14:34:49,5,person,1071.10,29.31,1122.97,136.41,0.5712
335,2026-06-06 14:34:49,3,bicycle,1029.84,89.75,1159.61,170.75,0.7995
335,2026-06-06 14:34:49,5,person,1082.36,30.78,1135.02,144.34,0.6535
336,2026-06-06 14:34:49,3,bicycle,1041.35,93.39,1171.95,172.66,0.8330
336,2026-06-06 14:34:49,5,person,1089.02,34.93,1148.01,145.05,0.5939
337,2026-06-06 14:34:49,3,bicycle,1041.35,93.39,1171.95,172.66,0.8330
337,2026-06-06 14:34:49,5,person,1100.57,38.60,1161.81,139.37,0.5640
338,2026-06-06 14:34:50,3,bicycle,1064.51,96.44,1197.65,175.13,0.8099
338,2026-06-06 14:34:50,5,person,1108.04,39.74,1174.56,144.25,0.6492
339,2026-06-06 14:34:50,3,bicycle,1078.81,100.94,1208.88,176.26,0.7860
339,2026-06-06 14:34:50,5,person,1122.41,39.50,1187.62,148.24,0.5202
340,2026-06-06 14:34:50,3,bicycle,1089.62,98.94,1220.63,177.52,0.8394
340,2026-06-06 14:34:50,5,person,1136.83,47.22,1200.24,140.58,0.5551
341,2026-06-06 14:34:50,3,bicycle,1101.12,101.78,1232.48,177.38,0.8675
341,2026-06-06 14:34:50,5,person,1145.94,47.99,1211.80,151.98,0.7183
342,2026-06-06 14:34:51,3,bicycle,1113.86,102.44,1244.06,178.69,0.8141
342,2026-06-06 14:34:51,5,person,1158.65,48.33,1222.50,152.93,0.6045
343,2026-06-06 14:34:51,3,bicycle,1126.15,103.36,1254.84,179.94,0.8213
343,2026-06-06 14:34:51,5,person,1172.49,48.48,1232.28,157.29,0.6542
344,2026-06-06 14:34:51,3,bicycle,1138.24,104.91,1265.42,180.10,0.8173
344,2026-06-06 14:34:51,5,person,1181.76,49.15,1245.66,161.29,0.7086
345,2026-06-06 14:34:51,3,bicycle,1150.16,105.41,1278.12,180.84,0.8450
345,2026-06-06 14:34:51,5,person,1194.39,50.82,1258.39,152.78,0.4635
346,2026-06-06 14:34:51,3,bicycle,1161.99,106.42,1282.66,180.80,0.8732
346,2026-06-06 14:34:51,5,person,1207.17,50.03,1268.67,159.00,0.6405
347,2026-06-06 14:34:51,3,bicycle,1174.26,109.40,1283.75,180.43,0.7949
347,2026-06-06 14:34:51,5,person,1218.84,54.26,1278.45,159.31,0.6553
348,2026-06-06 14:34:52,3,bicycle,1185.98,113.22,1283.73,179.61,0.5081
348,2026-06-06 14:34:52,5,person,1229.08,57.46,1282.98,143.69,0.5679
349,2026-06-06 14:34:52,3,bicycle,1196.96,118.95,1283.12,177.82,0.6125
349,2026-06-06 14:34:52,5,person,1239.56,57.37,1283.90,146.10,0.5475
350,2026-06-06 14:34:52,3,bicycle,1208.84,120.51,1282.79,177.26,0.6858
350,2026-06-06 14:34:52,5,person,1239.56,57.37,1283.90,146.10,0.5475
351,2026-06-06 14:34:52,3,bicycle,1218.80,121.89,1281.84,177.25,0.8057
351,2026-06-06 14:34:52,5,person,1239.56,57.37,1283.90,146.10,0.5475
352,2026-06-06 14:34:52,3,bicycle,1218.80,121.89,1281.84,177.25,0.8057
352,2026-06-06 14:34:52,5,person,1239.56,57.37,1283.90,146.10,0.5475
353,2026-06-06 14:34:52,3,bicycle,1218.80,121.89,1281.84,177.25,0.8057
353,2026-06-06 14:34:52,5,person,1239.56,57.37,1283.90,146.10,0.5475
354,2026-06-06 14:34:52,3,bicycle,1218.80,121.89,1281.84,177.25,0.8057
354,2026-06-06 14:34:52,5,person,1239.56,57.37,1283.90,146.10,0.5475
355,2026-06-06 14:34:53,3,bicycle,1218.80,121.89,1281.84,177.25,0.8057
355,2026-06-06 14:34:53,5,person,1239.56,57.37,1283.90,146.10,0.5475
356,2026-06-06 14:34:53,3,bicycle,1218.80,121.89,1281.84,177.25,0.8057
356,2026-06-06 14:34:53,5,person,1239.56,57.37,1283.90,146.10,0.5475
357,2026-06-06 14:34:53,3,bicycle,1218.80,121.89,1281.84,177.25,0.8057
357,2026-06-06 14:34:53,5,person,1239.56,57.37,1283.90,146.10,0.5475
358,2026-06-06 14:34:53,3,bicycle,1218.80,121.89,1281.84,177.25,0.8057
358,2026-06-06 14:34:53,5,person,1239.56,57.37,1283.90,146.10,0.5475
359,2026-06-06 14:34:53,3,bicycle,1218.80,121.89,1281.84,177.25,0.8057
359,2026-06-06 14:34:53,5,person,1239.56,57.37,1283.90,146.10,0.5475
360,2026-06-06 14:34:53,3,bicycle,1218.80,121.89,1281.84,177.25,0.8057
360,2026-06-06 14:34:53,5,person,1239.56,57.37,1283.90,146.10,0.5475
361,2026-06-06 14:34:53,3,bicycle,1218.80,121.89,1281.84,177.25,0.8057
361,2026-06-06 14:34:53,5,person,1239.56,57.37,1283.90,146.10,0.5475
362,2026-06-06 14:34:54,3,bicycle,1218.80,121.89,1281.84,177.25,0.8057
362,2026-06-06 14:34:54,5,person,1239.56,57.37,1283.90,146.10,0.5475
363,2026-06-06 14:34:54,3,bicycle,1218.80,121.89,1281.84,177.25,0.8057
363,2026-06-06 14:34:54,5,person,1239.56,57.37,1283.90,146.10,0.5475
364,2026-06-06 14:34:54,3,bicycle,1218.80,121.89,1281.84,177.25,0.8057
364,2026-06-06 14:34:54,5,person,1239.56,57.37,1283.90,146.10,0.5475
365,2026-06-06 14:34:54,3,bicycle,1218.80,121.89,1281.84,177.25,0.8057
365,2026-06-06 14:34:54,5,person,1239.56,57.37,1283.90,146.10,0.5475
366,2026-06-06 14:34:54,3,bicycle,1218.80,121.89,1281.84,177.25,0.8057
366,2026-06-06 14:34:54,5,person,1239.56,57.37,1283.90,146.10,0.5475
367,2026-06-06 14:34:54,3,bicycle,1218.80,121.89,1281.84,177.25,0.8057
367,2026-06-06 14:34:54,5,person,1239.56,57.37,1283.90,146.10,0.5475
368,2026-06-06 14:34:54,3,bicycle,1218.80,121.89,1281.84,177.25,0.8057
368,2026-06-06 14:34:54,5,person,1239.56,57.37,1283.90,146.10,0.5475
369,2026-06-06 14:34:54,3,bicycle,1218.80,121.89,1281.84,177.25,0.8057
369,2026-06-06 14:34:54,5,person,1239.56,57.37,1283.90,146.10,0.5475
370,2026-06-06 14:34:55,3,bicycle,1218.80,121.89,1281.84,177.25,0.8057
370,2026-06-06 14:34:55,5,person,1239.56,57.37,1283.90,146.10,0.5475
371,2026-06-06 14:34:55,3,bicycle,1218.80,121.89,1281.84,177.25,0.8057
371,2026-06-06 14:34:55,5,person,1239.56,57.37,1283.90,146.10,0.5475
372,2026-06-06 14:34:55,3,bicycle,1218.80,121.89,1281.84,177.25,0.8057
372,2026-06-06 14:34:55,5,person,1239.56,57.37,1283.90,146.10,0.5475
373,2026-06-06 14:34:55,3,bicycle,1218.80,121.89,1281.84,177.25,0.8057
373,2026-06-06 14:34:55,5,person,1239.56,57.37,1283.90,146.10,0.5475
374,2026-06-06 14:34:55,3,bicycle,1218.80,121.89,1281.84,177.25,0.8057
374,2026-06-06 14:34:55,5,person,1239.56,57.37,1283.90,146.10,0.5475
375,2026-06-06 14:34:55,3,bicycle,1218.80,121.89,1281.84,177.25,0.8057
375,2026-06-06 14:34:55,5,person,1239.56,57.37,1283.90,146.10,0.5475
376,2026-06-06 14:34:55,3,bicycle,1218.80,121.89,1281.84,177.25,0.8057
376,2026-06-06 14:34:55,5,person,1239.56,57.37,1283.90,146.10,0.5475
377,2026-06-06 14:34:55,3,bicycle,1218.80,121.89,1281.84,177.25,0.8057
377,2026-06-06 14:34:55,5,person,1239.56,57.37,1283.90,146.10,0.5475
378,2026-06-06 14:34:56,3,bicycle,1218.80,121.89,1281.84,177.25,0.8057
378,2026-06-06 14:34:56,5,person,1239.56,57.37,1283.90,146.10,0.5475
379,2026-06-06 14:34:56,3,bicycle,1218.80,121.89,1281.84,177.25,0.8057
379,2026-06-06 14:34:56,5,person,1239.56,57.37,1283.90,146.10,0.5475
380,2026-06-06 14:34:56,3,bicycle,1218.80,121.89,1281.84,177.25,0.8057
381,2026-06-06 14:34:56,3,bicycle,1218.80,121.89,1281.84,177.25,0.8057
488,2026-06-06 14:35:10,6,person,0.11,72.57,65.90,196.20,0.8269
489,2026-06-06 14:35:11,6,person,4.91,71.14,80.18,195.12,0.8213
490,2026-06-06 14:35:11,6,person,12.60,71.56,91.88,195.33,0.8319
491,2026-06-06 14:35:11,6,person,22.41,68.40,96.44,193.04,0.8221
492,2026-06-06 14:35:11,6,person,32.17,65.42,96.63,191.60,0.8154
493,2026-06-06 14:35:11,6,person,40.83,63.99,96.61,191.56,0.8091
494,2026-06-06 14:35:11,6,person,50.57,63.82,108.44,188.98,0.8303
495,2026-06-06 14:35:12,6,person,59.02,64.51,126.12,186.97,0.8473
496,2026-06-06 14:35:12,6,person,67.61,65.19,138.84,188.06,0.8727
497,2026-06-06 14:35:12,6,person,76.18,65.45,147.74,188.25,0.8296
498,2026-06-06 14:35:12,6,person,85.52,64.55,148.99,189.06,0.8119
499,2026-06-06 14:35:12,6,person,93.73,62.91,149.07,187.78,0.7905
500,2026-06-06 14:35:12,6,person,102.51,60.91,154.81,186.77,0.7766
501,2026-06-06 14:35:13,6,person,110.40,60.49,174.97,185.64,0.8055
502,2026-06-06 14:35:13,6,person,119.20,60.99,190.64,185.37,0.8282
503,2026-06-06 14:35:13,6,person,125.92,59.80,202.36,185.90,0.8450
504,2026-06-06 14:35:13,6,person,133.80,58.07,206.22,185.45,0.8134
505,2026-06-06 14:35:13,6,person,145.85,55.81,205.17,182.41,0.7924
506,2026-06-06 14:35:13,6,person,155.69,52.40,207.29,183.60,0.8280
507,2026-06-06 14:35:13,6,person,163.93,50.61,218.04,179.69,0.8263
508,2026-06-06 14:35:14,6,person,173.35,50.92,238.50,177.35,0.8401
509,2026-06-06 14:35:14,6,person,181.55,51.96,251.59,176.49,0.8594
510,2026-06-06 14:35:14,6,person,187.33,51.93,260.55,176.58,0.8639
511,2026-06-06 14:35:14,6,person,198.97,50.61,262.80,175.04,0.8221
512,2026-06-06 14:35:14,6,person,210.14,48.69,261.57,173.90,0.7891
513,2026-06-06 14:35:14,6,person,219.95,45.83,268.85,173.01,0.8099
514,2026-06-06 14:35:15,6,person,229.39,44.69,290.66,174.25,0.8235
514,2026-06-06 14:35:15,7,tennis racket,279.71,67.86,329.78,95.32,0.6572
515,2026-06-06 14:35:15,6,person,237.17,44.16,304.77,173.72,0.8541
515,2026-06-06 14:35:15,7,tennis racket,279.78,67.46,330.32,96.04,0.6639
516,2026-06-06 14:35:15,6,person,242.36,42.96,315.47,174.09,0.8505
516,2026-06-06 14:35:15,7,tennis racket,280.11,68.08,330.01,95.85,0.6087
517,2026-06-06 14:35:15,6,person,250.46,39.99,320.90,171.60,0.8288
517,2026-06-06 14:35:15,7,tennis racket,285.82,68.74,329.44,94.98,0.5372
518,2026-06-06 14:35:15,6,person,263.22,36.08,320.72,167.44,0.8007
518,2026-06-06 14:35:15,7,tennis racket,292.33,68.59,328.58,94.56,0.4713
519,2026-06-06 14:35:15,6,person,273.42,32.93,322.84,165.15,0.8018
519,2026-06-06 14:35:15,7,tennis racket,302.82,68.65,328.02,92.05,0.4758
520,2026-06-06 14:35:16,6,person,279.03,31.03,336.77,159.91,0.7998
520,2026-06-06 14:35:16,7,tennis racket,302.82,68.65,328.02,92.05,0.4758
521,2026-06-06 14:35:16,6,person,281.92,30.58,356.13,158.92,0.7549
521,2026-06-06 14:35:16,7,tennis racket,302.82,68.65,328.02,92.05,0.4758
522,2026-06-06 14:35:16,6,person,284.50,29.68,368.87,157.89,0.7644
522,2026-06-06 14:35:16,7,tennis racket,302.82,68.65,328.02,92.05,0.4758
523,2026-06-06 14:35:16,6,person,297.74,27.51,372.73,156.00,0.7987
523,2026-06-06 14:35:16,7,tennis racket,278.32,71.12,317.61,95.46,0.5692
524,2026-06-06 14:35:16,6,person,312.01,24.37,371.08,149.02,0.7796
524,2026-06-06 14:35:16,7,tennis racket,276.65,70.70,320.75,97.33,0.8200
525,2026-06-06 14:35:16,6,person,322.61,19.98,373.13,145.38,0.7921
525,2026-06-06 14:35:16,7,tennis racket,275.96,70.34,323.77,97.84,0.7707
526,2026-06-06 14:35:17,6,person,331.63,17.28,381.64,144.28,0.8159
526,2026-06-06 14:35:17,7,tennis racket,275.53,70.32,326.43,98.36,0.7339
527,2026-06-06 14:35:17,6,person,338.43,15.52,394.05,144.34,0.7969
527,2026-06-06 14:35:17,7,tennis racket,275.77,70.51,326.24,98.54,0.7278
528,2026-06-06 14:35:17,6,person,343.29,14.05,403.73,143.21,0.7684
528,2026-06-06 14:35:17,7,tennis racket,276.13,70.56,326.24,98.67,0.7139
529,2026-06-06 14:35:17,6,person,340.13,11.31,410.34,142.15,0.7627
529,2026-06-06 14:35:17,7,tennis racket,276.30,70.59,326.49,98.75,0.6864
530,2026-06-06 14:35:17,6,person,352.67,7.94,412.87,135.68,0.7284
530,2026-06-06 14:35:17,7,tennis racket,276.20,70.90,326.50,98.79,0.6724
531,2026-06-06 14:35:18,6,person,361.97,3.62,413.79,133.55,0.7373
531,2026-06-06 14:35:18,7,tennis racket,276.55,70.89,326.38,98.76,0.6053
531,2026-06-06 14:35:18,8,car,120.73,565.54,409.14,715.44,0.7397
532,2026-06-06 14:35:18,6,person,370.51,0.39,420.28,129.06,0.8351
532,2026-06-06 14:35:18,7,tennis racket,276.57,71.10,326.22,100.08,0.5681
532,2026-06-06 14:35:18,8,car,128.14,546.81,415.08,714.46,0.7699
533,2026-06-06 14:35:18,6,person,378.03,-0.65,436.87,124.49,0.8417
533,2026-06-06 14:35:18,7,tennis racket,276.69,71.10,325.79,100.55,0.5478
533,2026-06-06 14:35:18,8,car,131.45,528.49,420.04,713.74,0.7237
534,2026-06-06 14:35:18,6,person,384.63,-0.80,445.03,123.33,0.8503
534,2026-06-06 14:35:18,7,tennis racket,276.77,71.10,326.19,100.75,0.5499
534,2026-06-06 14:35:18,8,car,132.47,511.51,425.22,711.49,0.6521
535,2026-06-06 14:35:18,6,person,390.23,-0.99,448.45,121.97,0.8257
535,2026-06-06 14:35:18,7,tennis racket,276.28,71.48,326.84,100.74,0.5787
535,2026-06-06 14:35:18,8,car,132.47,511.51,425.22,711.49,0.6521
536,2026-06-06 14:35:18,6,person,394.98,-0.97,452.04,119.45,0.8305
536,2026-06-06 14:35:18,7,tennis racket,276.08,71.79,326.55,100.85,0.5779
536,2026-06-06 14:35:18,8,car,132.47,511.51,425.22,711.49,0.6521
537,2026-06-06 14:35:19,6,person,403.18,-0.88,452.79,110.26,0.8275
537,2026-06-06 14:35:19,7,tennis racket,276.49,71.53,325.93,100.60,0.5265
537,2026-06-06 14:35:19,8,car,136.19,463.12,441.51,709.89,0.6458
538,2026-06-06 14:35:19,6,person,408.92,-0.38,456.07,104.62,0.8284
538,2026-06-06 14:35:19,7,tennis racket,276.12,71.44,325.38,100.75,0.5229
538,2026-06-06 14:35:19,8,car,136.19,463.12,441.51,709.89,0.6458
539,2026-06-06 14:35:19,6,person,414.10,-0.37,462.74,101.12,0.8269
539,2026-06-06 14:35:19,7,tennis racket,276.04,71.55,325.65,100.34,0.5160
539,2026-06-06 14:35:19,8,car,136.19,463.12,441.51,709.89,0.6458
540,2026-06-06 14:35:19,6,person,419.37,-0.11,470.93,99.69,0.7921
540,2026-06-06 14:35:19,7,tennis racket,276.04,71.85,326.44,99.85,0.5380
540,2026-06-06 14:35:19,8,car,136.19,463.12,441.51,709.89,0.6458
541,2026-06-06 14:35:19,6,person,424.48,0.41,476.29,99.47,0.7481
541,2026-06-06 14:35:19,7,tennis racket,275.85,71.72,325.53,100.09,0.5191
541,2026-06-06 14:35:19,8,car,137.85,404.93,459.81,709.77,0.7317
541,2026-06-06 14:35:19,9,person,845.48,0.43,887.74,48.64,0.4910
542,2026-06-06 14:35:19,6,person,430.37,-0.09,482.75,97.22,0.7421
542,2026-06-06 14:35:19,7,tennis racket,275.83,71.40,325.41,100.33,0.4776
542,2026-06-06 14:35:19,8,car,139.10,391.10,463.81,710.66,0.6514
542,2026-06-06 14:35:19,9,person,845.48,0.43,887.74,48.64,0.4910
543,2026-06-06 14:35:20,6,person,436.80,-0.00,487.15,84.65,0.7040
543,2026-06-06 14:35:20,7,tennis racket,275.83,71.40,325.41,100.33,0.4776
543,2026-06-06 14:35:20,8,car,143.61,376.89,468.31,710.62,0.6861
543,2026-06-06 14:35:20,9,person,845.48,0.43,887.74,48.64,0.4910
544,2026-06-06 14:35:20,6,person,442.44,1.04,487.79,77.68,0.7341
544,2026-06-06 14:35:20,7,tennis racket,275.83,71.40,325.41,100.33,0.4776
544,2026-06-06 14:35:20,8,car,150.88,364.06,472.32,710.56,0.8108
544,2026-06-06 14:35:20,9,person,845.48,0.43,887.74,48.64,0.4910
545,2026-06-06 14:35:20,6,person,448.66,1.77,490.75,72.27,0.6623
545,2026-06-06 14:35:20,7,tennis racket,275.83,71.40,325.41,100.33,0.4776
545,2026-06-06 14:35:20,8,car,158.22,351.57,475.58,712.03,0.8860
545,2026-06-06 14:35:20,9,person,845.48,0.43,887.74,48.64,0.4910
546,2026-06-06 14:35:20,6,person,453.31,1.25,498.49,70.32,0.7679
546,2026-06-06 14:35:20,7,tennis racket,275.83,71.40,325.41,100.33,0.4776
546,2026-06-06 14:35:20,8,car,165.86,339.29,477.31,712.88,0.9421
546,2026-06-06 14:35:20,9,person,852.25,0.44,904.73,67.98,0.5282
547,2026-06-06 14:35:20,6,person,454.95,1.58,502.05,66.74,0.7805
547,2026-06-06 14:35:20,7,tennis racket,275.83,71.40,325.41,100.33,0.4776
547,2026-06-06 14:35:20,8,car,175.61,326.47,478.95,708.88,0.8787
547,2026-06-06 14:35:20,9,person,853.59,0.70,908.77,71.59,0.4827
548,2026-06-06 14:35:20,6,person,455.47,1.80,503.12,66.87,0.8045
548,2026-06-06 14:35:20,7,tennis racket,275.83,71.40,325.41,100.33,0.4776
548,2026-06-06 14:35:20,8,car,185.57,314.11,480.13,697.65,0.8833
548,2026-06-06 14:35:20,9,person,853.59,0.70,908.77,71.59,0.4827
549,2026-06-06 14:35:21,6,person,458.58,1.80,503.93,62.53,0.6171
549,2026-06-06 14:35:21,7,tennis racket,275.83,71.40,325.41,100.33,0.4776
549,2026-06-06 14:35:21,8,car,193.12,301.45,480.56,679.72,0.8519
549,2026-06-06 14:35:21,9,person,853.59,0.70,908.77,71.59,0.4827
550,2026-06-06 14:35:21,6,person,469.73,1.01,504.46,54.48,0.6533
550,2026-06-06 14:35:21,7,tennis racket,275.83,71.40,325.41,100.33,0.4776
550,2026-06-06 14:35:21,8,car,202.09,288.50,480.79,658.86,0.7028
550,2026-06-06 14:35:21,9,person,853.59,0.70,908.77,71.59,0.4827
551,2026-06-06 14:35:21,6,person,469.73,1.01,504.46,54.48,0.6533
551,2026-06-06 14:35:21,7,tennis racket,275.83,71.40,325.41,100.33,0.4776
551,2026-06-06 14:35:21,8,car,210.69,275.76,479.92,638.63,0.7649
551,2026-06-06 14:35:21,9,person,859.38,0.51,922.07,87.87,0.5425
552,2026-06-06 14:35:21,6,person,469.73,1.01,504.46,54.48,0.6533
552,2026-06-06 14:35:21,7,tennis racket,275.83,71.40,325.41,100.33,0.4776
552,2026-06-06 14:35:21,8,car,218.69,263.13,478.36,616.28,0.6746
552,2026-06-06 14:35:21,9,person,859.38,0.51,922.07,87.87,0.5425
553,2026-06-06 14:35:21,6,person,488.64,0.34,511.27,46.56,0.5186
553,2026-06-06 14:35:21,7,tennis racket,275.83,71.40,325.41,100.33,0.4776
553,2026-06-06 14:35:21,8,car,218.69,263.13,478.36,616.28,0.6746
553,2026-06-06 14:35:21,9,person,859.38,0.51,922.07,87.87,0.5425
554,2026-06-06 14:35:21,6,person,491.44,0.29,515.26,43.79,0.4548
554,2026-06-06 14:35:21,7,tennis racket,275.83,71.40,325.41,100.33,0.4776
554,2026-06-06 14:35:21,8,car,218.69,263.13,478.36,616.28,0.6746
554,2026-06-06 14:35:21,9,person,859.38,0.51,922.07,87.87,0.5425
555,2026-06-06 14:35:22,6,person,491.44,0.29,515.26,43.79,0.4548
555,2026-06-06 14:35:22,7,tennis racket,275.83,71.40,325.41,100.33,0.4776
555,2026-06-06 14:35:22,8,car,239.68,225.42,470.21,553.47,0.6085
555,2026-06-06 14:35:22,9,person,859.38,0.51,922.07,87.87,0.5425
556,2026-06-06 14:35:22,6,person,491.44,0.29,515.26,43.79,0.4548
556,2026-06-06 14:35:22,7,tennis racket,275.83,71.40,325.41,100.33,0.4776
556,2026-06-06 14:35:22,8,car,246.25,212.86,464.74,533.89,0.6673
556,2026-06-06 14:35:22,9,person,899.08,30.53,948.13,111.47,0.5002
557,2026-06-06 14:35:22,6,person,491.44,0.29,515.26,43.79,0.4548
557,2026-06-06 14:35:22,7,tennis racket,275.83,71.40,325.41,100.33,0.4776
557,2026-06-06 14:35:22,8,car,246.25,212.86,464.74,533.89,0.6673
557,2026-06-06 14:35:22,9,person,908.43,36.33,956.44,114.71,0.4593
558,2026-06-06 14:35:22,6,person,491.44,0.29,515.26,43.79,0.4548
558,2026-06-06 14:35:22,7,tennis racket,275.83,71.40,325.41,100.33,0.4776
558,2026-06-06 14:35:22,8,car,256.14,191.19,454.17,499.50,0.5432
558,2026-06-06 14:35:22,9,person,891.87,27.69,959.96,118.73,0.5406
559,2026-06-06 14:35:22,6,person,491.44,0.29,515.26,43.79,0.4548
559,2026-06-06 14:35:22,7,tennis racket,275.83,71.40,325.41,100.33,0.4776
559,2026-06-06 14:35:22,8,car,259.81,182.15,449.78,479.12,0.6442
559,2026-06-06 14:35:22,9,person,890.28,26.67,966.93,122.58,0.6450
559,2026-06-06 14:35:22,11,person,918.49,0.39,965.22,69.85,0.4669
560,2026-06-06 14:35:23,6,person,491.44,0.29,515.26,43.79,0.4548
560,2026-06-06 14:35:23,7,tennis racket,275.83,71.40,325.41,100.33,0.4776
560,2026-06-06 14:35:23,8,car,251.29,171.53,447.82,463.35,0.6409
560,2026-06-06 14:35:23,9,person,890.28,26.67,966.93,122.58,0.6450
560,2026-06-06 14:35:23,11,person,918.49,0.39,965.22,69.85,0.4669
561,2026-06-06 14:35:23,6,person,491.44,0.29,515.26,43.79,0.4548
561,2026-06-06 14:35:23,7,tennis racket,275.83,71.40,325.41,100.33,0.4776
561,2026-06-06 14:35:23,8,car,249.70,160.48,446.03,445.79,0.6383
561,2026-06-06 14:35:23,9,person,890.28,26.67,966.93,122.58,0.6450
561,2026-06-06 14:35:23,11,person,941.04,1.22,982.77,65.75,0.4753
562,2026-06-06 14:35:23,6,person,491.44,0.29,515.26,43.79,0.4548
562,2026-06-06 14:35:23,7,tennis racket,275.83,71.40,325.41,100.33,0.4776
562,2026-06-06 14:35:23,8,car,240.75,151.56,443.83,431.37,0.6012
562,2026-06-06 14:35:23,9,person,890.28,26.67,966.93,122.58,0.6450
562,2026-06-06 14:35:23,11,person,950.43,1.63,991.72,66.42,0.6089
563,2026-06-06 14:35:23,6,person,491.44,0.29,515.26,43.79,0.4548
563,2026-06-06 14:35:23,7,tennis racket,275.83,71.40,325.41,100.33,0.4776
563,2026-06-06 14:35:23,8,car,240.75,151.56,443.83,431.37,0.6012
563,2026-06-06 14:35:23,9,person,890.28,26.67,966.93,122.58,0.6450
563,2026-06-06 14:35:23,11,person,957.95,1.91,1000.50,69.07,0.5590
564,2026-06-06 14:35:23,6,person,491.44,0.29,515.26,43.79,0.4548
564,2026-06-06 14:35:23,7,tennis racket,275.83,71.40,325.41,100.33,0.4776
564,2026-06-06 14:35:23,8,car,218.88,133.36,435.99,399.71,0.4849
564,2026-06-06 14:35:23,9,person,912.60,44.12,1014.14,142.56,0.7296
564,2026-06-06 14:35:23,11,person,965.78,3.37,1008.64,77.07,0.5807
565,2026-06-06 14:35:23,6,person,491.44,0.29,515.26,43.79,0.4548
565,2026-06-06 14:35:23,7,tennis racket,275.83,71.40,325.41,100.33,0.4776
565,2026-06-06 14:35:23,8,car,205.50,125.71,431.33,384.65,0.6677
565,2026-06-06 14:35:23,9,person,919.36,49.76,1024.53,145.69,0.7642
565,2026-06-06 14:35:23,11,person,973.75,5.18,1019.15,85.74,0.5341
566,2026-06-06 14:35:24,6,person,491.44,0.29,515.26,43.79,0.4548
566,2026-06-06 14:35:24,7,tennis racket,275.83,71.40,325.41,100.33,0.4776
566,2026-06-06 14:35:24,8,car,192.79,118.55,426.02,369.92,0.6303
566,2026-06-06 14:35:24,9,person,926.34,54.64,1036.06,149.30,0.6804
566,2026-06-06 14:35:24,11,person,981.76,5.28,1030.48,96.15,0.5151
567,2026-06-06 14:35:24,6,person,491.44,0.29,515.26,43.79,0.4548
567,2026-06-06 14:35:24,7,tennis racket,275.83,71.40,325.41,100.33,0.4776
567,2026-06-06 14:35:24,8,car,178.59,114.02,420.02,357.06,0.6749
567,2026-06-06 14:35:24,9,person,933.98,60.86,1047.68,152.37,0.6594
567,2026-06-06 14:35:24,11,person,987.52,6.74,1039.81,110.90,0.6359
568,2026-06-06 14:35:24,6,person,491.44,0.29,515.26,43.79,0.4548
568,2026-06-06 14:35:24,7,tennis racket,275.83,71.40,325.41,100.33,0.4776
568,2026-06-06 14:35:24,8,car,161.44,108.24,412.07,343.89,0.8222
568,2026-06-06 14:35:24,9,person,941.51,66.98,1059.24,156.23,0.5151
568,2026-06-06 14:35:24,11,person,992.38,11.04,1048.33,114.33,0.6170
569,2026-06-06 14:35:24,6,person,491.44,0.29,515.26,43.79,0.4548
569,2026-06-06 14:35:24,7,tennis racket,275.83,71.40,325.41,100.33,0.4776
569,2026-06-06 14:35:24,8,car,144.10,103.16,403.83,332.69,0.8076
569,2026-06-06 14:35:24,9,person,950.65,69.65,1072.50,159.89,0.6566
569,2026-06-06 14:35:24,11,person,1000.61,14.08,1057.27,117.85,0.6287
570,2026-06-06 14:35:24,6,person,491.44,0.29,515.26,43.79,0.4548
570,2026-06-06 14:35:24,7,tennis racket,275.83,71.40,325.41,100.33,0.4776
570,2026-06-06 14:35:24,8,car,126.09,101.12,394.38,321.53,0.8193
570,2026-06-06 14:35:24,9,person,960.06,71.07,1083.80,160.69,0.6148
570,2026-06-06 14:35:24,11,person,1011.79,16.45,1066.68,120.97,0.6309
571,2026-06-06 14:35:24,6,person,491.44,0.29,515.26,43.79,0.4548
571,2026-06-06 14:35:24,7,tennis racket,275.83,71.40,325.41,100.33,0.4776
571,2026-06-06 14:35:24,8,car,107.28,98.37,384.02,312.99,0.8668
571,2026-06-06 14:35:24,9,person,960.06,71.07,1083.80,160.69,0.6148
571,2026-06-06 14:35:24,11,person,1021.34,18.08,1076.08,123.77,0.6999
572,2026-06-06 14:35:25,6,person,491.44,0.29,515.26,43.79,0.4548
572,2026-06-06 14:35:25,7,tennis racket,275.83,71.40,325.41,100.33,0.4776
572,2026-06-06 14:35:25,8,car,88.82,95.29,371.75,304.78,0.8456
572,2026-06-06 14:35:25,9,person,960.06,71.07,1083.80,160.69,0.6148
572,2026-06-06 14:35:25,11,person,1031.43,20.25,1086.26,127.20,0.6018
573,2026-06-06 14:35:25,6,person,491.44,0.29,515.26,43.79,0.4548
573,2026-06-06 14:35:25,8,car,68.85,93.43,361.06,296.89,0.8653
573,2026-06-06 14:35:25,9,person,988.44,80.56,1118.41,167.44,0.7927
573,2026-06-06 14:35:25,11,person,1043.77,22.71,1097.75,134.12,0.4807
574,2026-06-06 14:35:25,6,person,491.44,0.29,515.26,43.79,0.4548
574,2026-06-06 14:35:25,8,car,49.16,90.49,347.68,291.35,0.8577
574,2026-06-06 14:35:25,9,person,1000.55,83.33,1130.00,168.19,0.7508
574,2026-06-06 14:35:25,11,person,1051.42,25.74,1110.86,136.50,0.6193
575,2026-06-06 14:35:25,6,person,491.44,0.29,515.26,43.79,0.4548
575,2026-06-06 14:35:25,8,car,28.54,87.86,333.98,285.38,0.8714
575,2026-06-06 14:35:25,9,person,1010.73,86.27,1141.69,169.07,0.7817
575,2026-06-06 14:35:25,11,person,1063.59,29.13,1120.87,135.66,0.5302
576,2026-06-06 14:35:25,6,person,491.44,0.29,515.26,43.79,0.4548
576,2026-06-06 14:35:25,8,car,8.82,87.27,320.38,280.61,0.8926
576,2026-06-06 14:35:25,9,person,1021.86,87.66,1153.03,170.38,0.7449
576,2026-06-06 14:35:25,11,person,1073.27,31.20,1133.58,136.48,0.5302
577,2026-06-06 14:35:26,6,person,491.44,0.29,515.26,43.79,0.4548
577,2026-06-06 14:35:26,8,car,-1.48,85.87,306.35,276.48,0.8976
577,2026-06-06 14:35:26,9,person,1032.62,88.88,1165.14,171.18,0.8155
577,2026-06-06 14:35:26,11,person,1085.62,32.10,1143.78,142.54,0.5993
578,2026-06-06 14:35:26,6,person,491.44,0.29,515.26,43.79,0.4548
578,2026-06-06 14:35:26,8,car,-4.94,85.11,291.22,272.42,0.8880
578,2026-06-06 14:35:26,9,person,1043.92,91.05,1176.81,172.23,0.7306
578,2026-06-06 14:35:26,11,person,1091.77,32.70,1152.86,143.27,0.5720
579,2026-06-06 14:35:26,6,person,491.44,0.29,515.26,43.79,0.4548
579,2026-06-06 14:35:26,8,car,-5.47,84.72,275.70,268.54,0.8681
579,2026-06-06 14:35:26,9,person,1055.85,94.79,1186.12,173.36,0.8195
579,2026-06-06 14:35:26,11,person,1105.34,35.70,1163.17,143.26,0.4853
580,2026-06-06 14:35:26,6,person,491.44,0.29,515.26,43.79,0.4548
580,2026-06-06 14:35:26,8,car,-5.21,84.98,259.51,264.81,0.8781
580,2026-06-06 14:35:26,9,person,1065.45,96.28,1196.47,173.64,0.8156
580,2026-06-06 14:35:26,11,person,1115.30,48.57,1175.99,146.25,0.5254
581,2026-06-06 14:35:26,6,person,491.44,0.29,515.26,43.79,0.4548
581,2026-06-06 14:35:26,8,car,-4.71,85.59,243.36,261.92,0.9118
581,2026-06-06 14:35:26,9,person,1076.62,97.18,1206.42,173.50,0.8153
581,2026-06-06 14:35:26,11,person,1115.30,48.57,1175.99,146.25,0.5254
582,2026-06-06 14:35:26,6,person,491.44,0.29,515.26,43.79,0.4548
582,2026-06-06 14:35:26,8,car,-4.06,86.46,227.22,260.17,0.9075
582,2026-06-06 14:35:26,9,person,1087.36,98.32,1216.10,174.72,0.8364
582,2026-06-06 14:35:26,11,person,1136.12,43.30,1197.14,146.53,0.5538
583,2026-06-06 14:35:27,6,person,491.44,0.29,515.26,43.79,0.4548
583,2026-06-06 14:35:27,8,car,-3.23,87.18,211.28,258.07,0.9027
583,2026-06-06 14:35:27,9,person,1098.02,100.83,1225.75,175.12,0.8468
583,2026-06-06 14:35:27,11,person,1144.13,41.54,1206.55,147.80,0.7129
584,2026-06-06 14:35:27,6,person,491.44,0.29,515.26,43.79,0.4548
584,2026-06-06 14:35:27,8,car,-2.45,88.34,194.74,256.57,0.7628
584,2026-06-06 14:35:27,9,person,1109.39,101.97,1235.10,175.55,0.8266
584,2026-06-06 14:35:27,11,person,1152.58,44.66,1216.51,147.15,0.5092
585,2026-06-06 14:35:27,8,car,-1.78,89.96,178.40,255.70,0.8781
585,2026-06-06 14:35:27,9,person,1120.38,101.57,1245.92,175.86,0.8300
585,2026-06-06 14:35:27,11,person,1162.63,42.81,1225.76,148.82,0.5814
586,2026-06-06 14:35:27,8,car,-1.44,90.50,161.53,255.45,0.8878
586,2026-06-06 14:35:27,9,person,1129.15,103.19,1254.46,175.55,0.8508
586,2026-06-06 14:35:27,11,person,1172.91,43.81,1234.16,150.69,0.6787
587,2026-06-06 14:35:28,8,car,-0.93,92.45,145.35,255.44,0.8966
587,2026-06-06 14:35:28,9,person,1139.90,102.82,1265.04,174.77,0.8042
587,2026-06-06 14:35:28,11,person,1181.40,47.14,1248.63,150.51,0.6437
588,2026-06-06 14:35:28,8,car,-0.80,94.53,129.52,255.23,0.8830
588,2026-06-06 14:35:28,9,person,1150.62,104.60,1276.45,174.79,0.8120
588,2026-06-06 14:35:28,11,person,1191.14,48.98,1259.38,153.55,0.6164
589,2026-06-06 14:35:28,8,car,-0.62,97.66,112.96,254.94,0.8709
589,2026-06-06 14:35:28,9,person,1161.04,104.89,1281.33,174.75,0.8281
589,2026-06-06 14:35:28,11,person,1204.59,47.44,1270.10,154.54,0.6559
590,2026-06-06 14:35:28,8,car,-0.43,101.69,96.80,255.18,0.8685
590,2026-06-06 14:35:28,9,person,1171.99,108.11,1282.76,174.55,0.7925
590,2026-06-06 14:35:28,11,person,1214.81,48.21,1276.63,151.90,0.5740
591,2026-06-06 14:35:28,8,car,-0.24,104.88,80.69,253.96,0.7931
591,2026-06-06 14:35:28,9,person,1182.64,111.74,1282.40,174.24,0.7850
591,2026-06-06 14:35:28,11,person,1214.81,48.21,1276.63,151.90,0.5740
592,2026-06-06 14:35:29,8,car,-0.01,107.24,65.41,244.02,0.5745
592,2026-06-06 14:35:29,9,person,1193.53,113.45,1282.43,174.13,0.5606
592,2026-06-06 14:35:29,11,person,1235.27,51.88,1283.30,132.61,0.5286
593,2026-06-06 14:35:29,8,car,-0.01,107.24,65.41,244.02,0.5745
593,2026-06-06 14:35:29,9,person,1193.53,113.45,1282.43,174.13,0.5606
593,2026-06-06 14:35:29,11,person,1235.27,51.88,1283.30,132.61,0.5286
594,2026-06-06 14:35:29,8,car,-0.01,107.24,65.41,244.02,0.5745
594,2026-06-06 14:35:29,9,person,1212.69,117.24,1282.10,172.78,0.5200
594,2026-06-06 14:35:29,11,person,1255.22,62.38,1282.89,141.49,0.5452
595,2026-06-06 14:35:29,8,car,-0.01,107.24,65.41,244.02,0.5745
595,2026-06-06 14:35:29,9,person,1222.61,118.32,1280.80,173.21,0.4848
595,2026-06-06 14:35:29,11,person,1255.22,62.38,1282.89,141.49,0.5452
596,2026-06-06 14:35:29,8,car,-0.01,107.24,65.41,244.02,0.5745
596,2026-06-06 14:35:29,9,person,1222.61,118.32,1280.80,173.21,0.4848
596,2026-06-06 14:35:29,11,person,1255.22,62.38,1282.89,141.49,0.5452
597,2026-06-06 14:35:29,8,car,-0.01,107.24,65.41,244.02,0.5745
597,2026-06-06 14:35:29,9,person,1222.61,118.32,1280.80,173.21,0.4848
597,2026-06-06 14:35:29,11,person,1255.22,62.38,1282.89,141.49,0.5452
598,2026-06-06 14:35:30,8,car,-0.01,107.24,65.41,244.02,0.5745
598,2026-06-06 14:35:30,9,person,1222.61,118.32,1280.80,173.21,0.4848
598,2026-06-06 14:35:30,11,person,1255.22,62.38,1282.89,141.49,0.5452
599,2026-06-06 14:35:30,8,car,-0.01,107.24,65.41,244.02,0.5745
599,2026-06-06 14:35:30,9,person,1222.61,118.32,1280.80,173.21,0.4848
599,2026-06-06 14:35:30,11,person,1255.22,62.38,1282.89,141.49,0.5452
600,2026-06-06 14:35:30,8,car,-0.01,107.24,65.41,244.02,0.5745
600,2026-06-06 14:35:30,9,person,1222.61,118.32,1280.80,173.21,0.4848
600,2026-06-06 14:35:30,11,person,1255.22,62.38,1282.89,141.49,0.5452
601,2026-06-06 14:35:30,8,car,-0.01,107.24,65.41,244.02,0.5745
601,2026-06-06 14:35:30,9,person,1222.61,118.32,1280.80,173.21,0.4848
601,2026-06-06 14:35:30,11,person,1255.22,62.38,1282.89,141.49,0.5452
602,2026-06-06 14:35:30,8,car,-0.01,107.24,65.41,244.02,0.5745
602,2026-06-06 14:35:30,9,person,1222.61,118.32,1280.80,173.21,0.4848
602,2026-06-06 14:35:30,11,person,1255.22,62.38,1282.89,141.49,0.5452
603,2026-06-06 14:35:30,8,car,-0.01,107.24,65.41,244.02,0.5745
603,2026-06-06 14:35:30,9,person,1222.61,118.32,1280.80,173.21,0.4848
603,2026-06-06 14:35:30,11,person,1255.22,62.38,1282.89,141.49,0.5452
604,2026-06-06 14:35:31,8,car,-0.01,107.24,65.41,244.02,0.5745
604,2026-06-06 14:35:31,9,person,1222.61,118.32,1280.80,173.21,0.4848
604,2026-06-06 14:35:31,11,person,1255.22,62.38,1282.89,141.49,0.5452
605,2026-06-06 14:35:31,8,car,-0.01,107.24,65.41,244.02,0.5745
605,2026-06-06 14:35:31,9,person,1222.61,118.32,1280.80,173.21,0.4848
605,2026-06-06 14:35:31,11,person,1255.22,62.38,1282.89,141.49,0.5452
606,2026-06-06 14:35:31,8,car,-0.01,107.24,65.41,244.02,0.5745
606,2026-06-06 14:35:31,9,person,1222.61,118.32,1280.80,173.21,0.4848
606,2026-06-06 14:35:31,11,person,1255.22,62.38,1282.89,141.49,0.5452
607,2026-06-06 14:35:31,8,car,-0.01,107.24,65.41,244.02,0.5745
607,2026-06-06 14:35:31,9,person,1222.61,118.32,1280.80,173.21,0.4848
607,2026-06-06 14:35:31,11,person,1255.22,62.38,1282.89,141.49,0.5452
608,2026-06-06 14:35:31,8,car,-0.01,107.24,65.41,244.02,0.5745
608,2026-06-06 14:35:31,9,person,1222.61,118.32,1280.80,173.21,0.4848
608,2026-06-06 14:35:31,11,person,1255.22,62.38,1282.89,141.49,0.5452
609,2026-06-06 14:35:31,8,car,-0.01,107.24,65.41,244.02,0.5745
609,2026-06-06 14:35:31,9,person,1222.61,118.32,1280.80,173.21,0.4848
609,2026-06-06 14:35:31,11,person,1255.22,62.38,1282.89,141.49,0.5452
610,2026-06-06 14:35:32,8,car,-0.01,107.24,65.41,244.02,0.5745
610,2026-06-06 14:35:32,9,person,1222.61,118.32,1280.80,173.21,0.4848
610,2026-06-06 14:35:32,11,person,1255.22,62.38,1282.89,141.49,0.5452
611,2026-06-06 14:35:32,8,car,-0.01,107.24,65.41,244.02,0.5745
611,2026-06-06 14:35:32,9,person,1222.61,118.32,1280.80,173.21,0.4848
611,2026-06-06 14:35:32,11,person,1255.22,62.38,1282.89,141.49,0.5452
612,2026-06-06 14:35:32,8,car,-0.01,107.24,65.41,244.02,0.5745
612,2026-06-06 14:35:32,9,person,1222.61,118.32,1280.80,173.21,0.4848
612,2026-06-06 14:35:32,11,person,1255.22,62.38,1282.89,141.49,0.5452
613,2026-06-06 14:35:32,8,car,-0.01,107.24,65.41,244.02,0.5745
613,2026-06-06 14:35:32,9,person,1222.61,118.32,1280.80,173.21,0.4848
613,2026-06-06 14:35:32,11,person,1255.22,62.38,1282.89,141.49,0.5452
614,2026-06-06 14:35:32,8,car,-0.01,107.24,65.41,244.02,0.5745
614,2026-06-06 14:35:32,9,person,1222.61,118.32,1280.80,173.21,0.4848
614,2026-06-06 14:35:32,11,person,1255.22,62.38,1282.89,141.49,0.5452
615,2026-06-06 14:35:32,8,car,-0.01,107.24,65.41,244.02,0.5745
615,2026-06-06 14:35:32,9,person,1222.61,118.32,1280.80,173.21,0.4848
615,2026-06-06 14:35:32,11,person,1255.22,62.38,1282.89,141.49,0.5452
616,2026-06-06 14:35:32,8,car,-0.01,107.24,65.41,244.02,0.5745
616,2026-06-06 14:35:32,9,person,1222.61,118.32,1280.80,173.21,0.4848
616,2026-06-06 14:35:32,11,person,1255.22,62.38,1282.89,141.49,0.5452
617,2026-06-06 14:35:33,8,car,-0.01,107.24,65.41,244.02,0.5745
617,2026-06-06 14:35:33,9,person,1222.61,118.32,1280.80,173.21,0.4848
617,2026-06-06 14:35:33,11,person,1255.22,62.38,1282.89,141.49,0.5452
618,2026-06-06 14:35:33,8,car,-0.01,107.24,65.41,244.02,0.5745
618,2026-06-06 14:35:33,9,person,1222.61,118.32,1280.80,173.21,0.4848
618,2026-06-06 14:35:33,11,person,1255.22,62.38,1282.89,141.49,0.5452
619,2026-06-06 14:35:33,8,car,-0.01,107.24,65.41,244.02,0.5745
619,2026-06-06 14:35:33,9,person,1222.61,118.32,1280.80,173.21,0.4848
619,2026-06-06 14:35:33,11,person,1255.22,62.38,1282.89,141.49,0.5452
620,2026-06-06 14:35:33,8,car,-0.01,107.24,65.41,244.02,0.5745
620,2026-06-06 14:35:33,9,person,1222.61,118.32,1280.80,173.21,0.4848
620,2026-06-06 14:35:33,11,person,1255.22,62.38,1282.89,141.49,0.5452
621,2026-06-06 14:35:33,8,car,-0.01,107.24,65.41,244.02,0.5745
621,2026-06-06 14:35:33,9,person,1222.61,118.32,1280.80,173.21,0.4848
621,2026-06-06 14:35:33,11,person,1255.22,62.38,1282.89,141.49,0.5452
622,2026-06-06 14:35:33,8,car,-0.01,107.24,65.41,244.02,0.5745
622,2026-06-06 14:35:33,9,person,1222.61,118.32,1280.80,173.21,0.4848
622,2026-06-06 14:35:33,11,person,1255.22,62.38,1282.89,141.49,0.5452
623,2026-06-06 14:35:34,9,person,1222.61,118.32,1280.80,173.21,0.4848
623,2026-06-06 14:35:34,11,person,1255.22,62.38,1282.89,141.49,0.5452
624,2026-06-06 14:35:34,9,person,1222.61,118.32,1280.80,173.21,0.4848
624,2026-06-06 14:35:34,11,person,1255.22,62.38,1282.89,141.49,0.5452
625,2026-06-06 14:35:34,9,person,1222.61,118.32,1280.80,173.21,0.4848
